{
    "ok": true,
    "result": [
        {
            "index": 1,
            "startpage": 1,
            "sura": [
                {
                    "index": "1",
                    "ayas": "7",
                    "start": "0",
                    "end": null,
                    "name": "الفاتحة",
                    "tname": "Al-Fatihah",
                    "ename": "The Opener",
                    "type": "meccan",
                    "order": "5",
                    "orderalphabet": null,
                    "orderquran": null,
                    "word": "29",
                    "theletter": "142",
                    "startjuz": "1",
                    "endjuz": "1",
                    "startpage": "1",
                    "endpage": "1"
                },
                {
                    "index": "2",
                    "ayas": "286",
                    "start": "7",
                    "end": null,
                    "name": "البقرة",
                    "tname": "Al-Baqarah",
                    "ename": "The Cow",
                    "type": "medinan",
                    "order": "87",
                    "orderalphabet": null,
                    "orderquran": null,
                    "word": "6144",
                    "theletter": "25500",
                    "startjuz": "1",
                    "endjuz": "3",
                    "startpage": "2",
                    "endpage": "49"
                }
            ]
        },
        {
            "index": 2,
            "startpage": 22
        },
        {
            "index": 3,
            "startpage": 42,
            "sura": [
                {
                    "index": "3",
                    "ayas": "200",
                    "start": "293",
                    "end": null,
                    "name": "آل عمران",
                    "tname": "Ali 'Imran",
                    "ename": "Family of Imran",
                    "type": "medinan",
                    "order": "89",
                    "orderalphabet": null,
                    "orderquran": null,
                    "word": "3505",
                    "theletter": "14525",
                    "startjuz": "3",
                    "endjuz": "4",
                    "startpage": "50",
                    "endpage": "76"
                }
            ]
        },
        {
            "index": 4,
            "startpage": 62,
            "sura": [
                {
                    "index": "4",
                    "ayas": "176",
                    "start": "493",
                    "end": null,
                    "name": "النساء",
                    "tname": "An-Nisa",
                    "ename": "The Women",
                    "type": "medinan",
                    "order": "92",
                    "orderalphabet": null,
                    "orderquran": null,
                    "word": "3767",
                    "theletter": "16030",
                    "startjuz": "4",
                    "endjuz": "6",
                    "startpage": "77",
                    "endpage": "106"
                }
            ]
        },
        {
            "index": 5,
            "startpage": 82
        },
        {
            "index": 6,
            "startpage": 102,
            "sura": [
                {
                    "index": "5",
                    "ayas": "120",
                    "start": "669",
                    "end": null,
                    "name": "المائدة",
                    "tname": "Al-Ma'idah",
                    "ename": "The Table Spread",
                    "type": "medinan",
                    "order": "112",
                    "orderalphabet": null,
                    "orderquran": null,
                    "word": "2841",
                    "theletter": "11933",
                    "startjuz": "6",
                    "endjuz": "7",
                    "startpage": "106",
                    "endpage": "127"
                }
            ]
        },
        {
            "index": 7,
            "startpage": 121,
            "sura": [
                {
                    "index": "6",
                    "ayas": "165",
                    "start": "789",
                    "end": null,
                    "name": "الأنعام",
                    "tname": "Al-An'am",
                    "ename": "The Cattle",
                    "type": "meccan",
                    "order": "55",
                    "orderalphabet": null,
                    "orderquran": null,
                    "word": "3060",
                    "theletter": "12254",
                    "startjuz": "7",
                    "endjuz": "8",
                    "startpage": "128",
                    "endpage": "150"
                }
            ]
        },
        {
            "index": 8,
            "startpage": 142,
            "sura": [
                {
                    "index": "7",
                    "ayas": "206",
                    "start": "954",
                    "end": null,
                    "name": "الأعراف",
                    "tname": "Al-A'raf",
                    "ename": "The Heights",
                    "type": "meccan",
                    "order": "39",
                    "orderalphabet": null,
                    "orderquran": null,
                    "word": "3345",
                    "theletter": "13877",
                    "startjuz": "8",
                    "endjuz": "9",
                    "startpage": "151",
                    "endpage": "176"
                }
            ]
        },
        {
            "index": 9,
            "startpage": 162,
            "sura": [
                {
                    "index": "8",
                    "ayas": "75",
                    "start": "1160",
                    "end": null,
                    "name": "الأنفال",
                    "tname": "Al-Anfal",
                    "ename": "The Spoils of War",
                    "type": "medinan",
                    "order": "88",
                    "orderalphabet": null,
                    "orderquran": null,
                    "word": "1246",
                    "theletter": "5080",
                    "startjuz": "9",
                    "endjuz": "10",
                    "startpage": "177",
                    "endpage": "186"
                }
            ]
        },
        {
            "index": 10,
            "startpage": 182,
            "sura": [
                {
                    "index": "9",
                    "ayas": "129",
                    "start": "1235",
                    "end": null,
                    "name": "التوبة",
                    "tname": "At-Tawbah",
                    "ename": "The Repentance",
                    "type": "medinan",
                    "order": "113",
                    "orderalphabet": null,
                    "orderquran": null,
                    "word": "2505",
                    "theletter": "10488",
                    "startjuz": "10",
                    "endjuz": "11",
                    "startpage": "187",
                    "endpage": "207"
                }
            ]
        },
        {
            "index": 11,
            "startpage": 201,
            "sura": [
                {
                    "index": "10",
                    "ayas": "109",
                    "start": "1364",
                    "end": null,
                    "name": "يونس",
                    "tname": "Yunus",
                    "ename": "Jonah",
                    "type": "meccan",
                    "order": "51",
                    "orderalphabet": null,
                    "orderquran": null,
                    "word": "1843",
                    "theletter": "7567",
                    "startjuz": "11",
                    "endjuz": "11",
                    "startpage": "208",
                    "endpage": "221"
                },
                {
                    "index": "11",
                    "ayas": "123",
                    "start": "1473",
                    "end": null,
                    "name": "هود",
                    "tname": "Hud",
                    "ename": "Hud",
                    "type": "meccan",
                    "order": "52",
                    "orderalphabet": null,
                    "orderquran": null,
                    "word": "1950",
                    "theletter": "7513",
                    "startjuz": "11",
                    "endjuz": "12",
                    "startpage": "221",
                    "endpage": "235"
                }
            ]
        },
        {
            "index": 12,
            "startpage": 222,
            "sura": [
                {
                    "index": "12",
                    "ayas": "111",
                    "start": "1596",
                    "end": null,
                    "name": "يوسف",
                    "tname": "Yusuf",
                    "ename": "Joseph",
                    "type": "meccan",
                    "order": "53",
                    "orderalphabet": null,
                    "orderquran": null,
                    "word": "1799",
                    "theletter": "7166",
                    "startjuz": "12",
                    "endjuz": "13",
                    "startpage": "235",
                    "endpage": "248"
                }
            ]
        },
        {
            "index": 13,
            "startpage": 242,
            "sura": [
                {
                    "index": "13",
                    "ayas": "43",
                    "start": "1707",
                    "end": null,
                    "name": "الرعد",
                    "tname": "Ar-Ra'd",
                    "ename": "The Thunder",
                    "type": "medinan",
                    "order": "96",
                    "orderalphabet": null,
                    "orderquran": null,
                    "word": "857",
                    "theletter": "3506",
                    "startjuz": "13",
                    "endjuz": "13",
                    "startpage": "249",
                    "endpage": "255"
                },
                {
                    "index": "14",
                    "ayas": "52",
                    "start": "1750",
                    "end": null,
                    "name": "ابراهيم",
                    "tname": "Ibrahim",
                    "ename": "Abrahim",
                    "type": "meccan",
                    "order": "72",
                    "orderalphabet": null,
                    "orderquran": null,
                    "word": "834",
                    "theletter": "3434",
                    "startjuz": "13",
                    "endjuz": "13",
                    "startpage": "255",
                    "endpage": "261"
                }
            ]
        },
        {
            "index": 14,
            "startpage": 262,
            "sura": [
                {
                    "index": "15",
                    "ayas": "99",
                    "start": "1802",
                    "end": null,
                    "name": "الحجر",
                    "tname": "Al-Hijr",
                    "ename": "The Rocky Tract",
                    "type": "meccan",
                    "order": "54",
                    "orderalphabet": null,
                    "orderquran": null,
                    "word": "661",
                    "theletter": "2760",
                    "startjuz": "14",
                    "endjuz": "14",
                    "startpage": "262",
                    "endpage": "267"
                },
                {
                    "index": "16",
                    "ayas": "128",
                    "start": "1901",
                    "end": null,
                    "name": "النحل",
                    "tname": "An-Nahl",
                    "ename": "The Bee",
                    "type": "meccan",
                    "order": "70",
                    "orderalphabet": null,
                    "orderquran": null,
                    "word": "1848",
                    "theletter": "7707",
                    "startjuz": "14",
                    "endjuz": "14",
                    "startpage": "267",
                    "endpage": "281"
                }
            ]
        },
        {
            "index": 15,
            "startpage": 282,
            "sura": [
                {
                    "index": "17",
                    "ayas": "111",
                    "start": "2029",
                    "end": null,
                    "name": "الإسراء",
                    "tname": "Al-Isra",
                    "ename": "The Night Journey",
                    "type": "meccan",
                    "order": "50",
                    "orderalphabet": null,
                    "orderquran": null,
                    "word": "1562",
                    "theletter": "6460",
                    "startjuz": "15",
                    "endjuz": "15",
                    "startpage": "282",
                    "endpage": "293"
                },
                {
                    "index": "18",
                    "ayas": "110",
                    "start": "2140",
                    "end": null,
                    "name": "الكهف",
                    "tname": "Al-Kahf",
                    "ename": "The Cave",
                    "type": "meccan",
                    "order": "69",
                    "orderalphabet": null,
                    "orderquran": null,
                    "word": "1587",
                    "theletter": "6360",
                    "startjuz": "15",
                    "endjuz": "16",
                    "startpage": "293",
                    "endpage": "304"
                }
            ]
        },
        {
            "index": 16,
            "startpage": 302,
            "sura": [
                {
                    "index": "19",
                    "ayas": "98",
                    "start": "2250",
                    "end": null,
                    "name": "مريم",
                    "tname": "Maryam",
                    "ename": "Mary",
                    "type": "meccan",
                    "order": "44",
                    "orderalphabet": null,
                    "orderquran": null,
                    "word": "975",
                    "theletter": "3802",
                    "startjuz": "16",
                    "endjuz": "16",
                    "startpage": "305",
                    "endpage": "312"
                },
                {
                    "index": "20",
                    "ayas": "135",
                    "start": "2348",
                    "end": null,
                    "name": "طه",
                    "tname": "Taha",
                    "ename": "Ta-Ha",
                    "type": "meccan",
                    "order": "45",
                    "orderalphabet": null,
                    "orderquran": null,
                    "word": "1357",
                    "theletter": "5242",
                    "startjuz": "16",
                    "endjuz": "16",
                    "startpage": "312",
                    "endpage": "321"
                }
            ]
        },
        {
            "index": 17,
            "startpage": 322,
            "sura": [
                {
                    "index": "21",
                    "ayas": "112",
                    "start": "2483",
                    "end": null,
                    "name": "الأنبياء",
                    "tname": "Al-Anbya",
                    "ename": "The Prophets",
                    "type": "meccan",
                    "order": "73",
                    "orderalphabet": null,
                    "orderquran": null,
                    "word": "1178",
                    "theletter": "4890",
                    "startjuz": "17",
                    "endjuz": "17",
                    "startpage": "322",
                    "endpage": "331"
                },
                {
                    "index": "22",
                    "ayas": "78",
                    "start": "2595",
                    "end": null,
                    "name": "الحج",
                    "tname": "Al-Haj",
                    "ename": "The Pilgrimage",
                    "type": "medinan",
                    "order": "103",
                    "orderalphabet": null,
                    "orderquran": null,
                    "word": "1283",
                    "theletter": "5070",
                    "startjuz": "17",
                    "endjuz": "17",
                    "startpage": "332",
                    "endpage": "341"
                }
            ]
        },
        {
            "index": 18,
            "startpage": 342,
            "sura": [
                {
                    "index": "23",
                    "ayas": "118",
                    "start": "2673",
                    "end": null,
                    "name": "المؤمنون",
                    "tname": "Al-Mu'minun",
                    "ename": "The Believers",
                    "type": "meccan",
                    "order": "74",
                    "orderalphabet": null,
                    "orderquran": null,
                    "word": "1056",
                    "theletter": "4802",
                    "startjuz": "18",
                    "endjuz": "18",
                    "startpage": "342",
                    "endpage": "349"
                },
                {
                    "index": "24",
                    "ayas": "64",
                    "start": "2791",
                    "end": null,
                    "name": "النور",
                    "tname": "An-Nur",
                    "ename": "The Light",
                    "type": "medinan",
                    "order": "102",
                    "orderalphabet": null,
                    "orderquran": null,
                    "word": "1323",
                    "theletter": "5680",
                    "startjuz": "18",
                    "endjuz": "18",
                    "startpage": "350",
                    "endpage": "359"
                },
                {
                    "index": "25",
                    "ayas": "77",
                    "start": "2855",
                    "end": null,
                    "name": "الفرقان",
                    "tname": "Al-Furqan",
                    "ename": "The Criterian",
                    "type": "meccan",
                    "order": "42",
                    "orderalphabet": null,
                    "orderquran": null,
                    "word": "900",
                    "theletter": "3733",
                    "startjuz": "18",
                    "endjuz": "19",
                    "startpage": "359",
                    "endpage": "366"
                }
            ]
        },
        {
            "index": 19,
            "startpage": 362,
            "sura": [
                {
                    "index": "26",
                    "ayas": "227",
                    "start": "2932",
                    "end": null,
                    "name": "الشعراء",
                    "tname": "Ash-Shu'ara",
                    "ename": "The Poets",
                    "type": "meccan",
                    "order": "47",
                    "orderalphabet": null,
                    "orderquran": null,
                    "word": "1324",
                    "theletter": "5522",
                    "startjuz": "19",
                    "endjuz": "19",
                    "startpage": "367",
                    "endpage": "376"
                },
                {
                    "index": "27",
                    "ayas": "93",
                    "start": "3159",
                    "end": null,
                    "name": "النمل",
                    "tname": "An-Naml",
                    "ename": "The Ant",
                    "type": "meccan",
                    "order": "48",
                    "orderalphabet": null,
                    "orderquran": null,
                    "word": "1163",
                    "theletter": "4799",
                    "startjuz": "19",
                    "endjuz": "20",
                    "startpage": "377",
                    "endpage": "385"
                }
            ]
        },
        {
            "index": 20,
            "startpage": 382,
            "sura": [
                {
                    "index": "28",
                    "ayas": "88",
                    "start": "3252",
                    "end": null,
                    "name": "القصص",
                    "tname": "Al-Qasas",
                    "ename": "The Stories",
                    "type": "meccan",
                    "order": "49",
                    "orderalphabet": null,
                    "orderquran": null,
                    "word": "1442",
                    "theletter": "5800",
                    "startjuz": "20",
                    "endjuz": "20",
                    "startpage": "385",
                    "endpage": "396"
                },
                {
                    "index": "29",
                    "ayas": "69",
                    "start": "3340",
                    "end": null,
                    "name": "العنكبوت",
                    "tname": "Al-'Ankabut",
                    "ename": "The Spider",
                    "type": "meccan",
                    "order": "85",
                    "orderalphabet": null,
                    "orderquran": null,
                    "word": "982",
                    "theletter": "4195",
                    "startjuz": "20",
                    "endjuz": "21",
                    "startpage": "396",
                    "endpage": "404"
                }
            ]
        },
        {
            "index": 21,
            "startpage": 402,
            "sura": [
                {
                    "index": "30",
                    "ayas": "60",
                    "start": "3409",
                    "end": null,
                    "name": "الروم",
                    "tname": "Ar-Rum",
                    "ename": "The Romans",
                    "type": "meccan",
                    "order": "84",
                    "orderalphabet": null,
                    "orderquran": null,
                    "word": "821",
                    "theletter": "3534",
                    "startjuz": "21",
                    "endjuz": "21",
                    "startpage": "404",
                    "endpage": "410"
                },
                {
                    "index": "31",
                    "ayas": "34",
                    "start": "3469",
                    "end": null,
                    "name": "لقمان",
                    "tname": "Luqman",
                    "ename": "Luqman",
                    "type": "meccan",
                    "order": "57",
                    "orderalphabet": null,
                    "orderquran": null,
                    "word": "554",
                    "theletter": "2110",
                    "startjuz": "21",
                    "endjuz": "21",
                    "startpage": "411",
                    "endpage": "414"
                },
                {
                    "index": "32",
                    "ayas": "30",
                    "start": "3503",
                    "end": null,
                    "name": "السجدة",
                    "tname": "As-Sajdah",
                    "ename": "The Prostration",
                    "type": "meccan",
                    "order": "75",
                    "orderalphabet": null,
                    "orderquran": null,
                    "word": "376",
                    "theletter": "1500",
                    "startjuz": "21",
                    "endjuz": "21",
                    "startpage": "415",
                    "endpage": "417"
                },
                {
                    "index": "33",
                    "ayas": "73",
                    "start": "3533",
                    "end": null,
                    "name": "الأحزاب",
                    "tname": "Al-Ahzab",
                    "ename": "The Combined Forces",
                    "type": "medinan",
                    "order": "90",
                    "orderalphabet": null,
                    "orderquran": null,
                    "word": "1307",
                    "theletter": "5796",
                    "startjuz": "21",
                    "endjuz": "22",
                    "startpage": "418",
                    "endpage": "427"
                }
            ]
        },
        {
            "index": 22,
            "startpage": 422,
            "sura": [
                {
                    "index": "34",
                    "ayas": "54",
                    "start": "3606",
                    "end": null,
                    "name": "سبإ",
                    "tname": "Saba",
                    "ename": "Sheba",
                    "type": "meccan",
                    "order": "58",
                    "orderalphabet": null,
                    "orderquran": null,
                    "word": "888",
                    "theletter": "1512",
                    "startjuz": "22",
                    "endjuz": "22",
                    "startpage": "428",
                    "endpage": "434"
                },
                {
                    "index": "35",
                    "ayas": "45",
                    "start": "3660",
                    "end": null,
                    "name": "فاطر",
                    "tname": "Fatir",
                    "ename": "Originator",
                    "type": "meccan",
                    "order": "43",
                    "orderalphabet": null,
                    "orderquran": null,
                    "word": "782",
                    "theletter": "3130",
                    "startjuz": "22",
                    "endjuz": "22",
                    "startpage": "434",
                    "endpage": "440"
                },
                {
                    "index": "36",
                    "ayas": "83",
                    "start": "3705",
                    "end": null,
                    "name": "يس",
                    "tname": "Ya-Sin",
                    "ename": "Ya Sin",
                    "type": "meccan",
                    "order": "41",
                    "orderalphabet": null,
                    "orderquran": null,
                    "word": "734",
                    "theletter": "3000",
                    "startjuz": "22",
                    "endjuz": "23",
                    "startpage": "440",
                    "endpage": "445"
                }
            ]
        },
        {
            "index": 23,
            "startpage": 442,
            "sura": [
                {
                    "index": "37",
                    "ayas": "182",
                    "start": "3788",
                    "end": null,
                    "name": "الصافات",
                    "tname": "As-Saffat",
                    "ename": "Those who set the Ranks",
                    "type": "meccan",
                    "order": "56",
                    "orderalphabet": null,
                    "orderquran": null,
                    "word": "869",
                    "theletter": "3823",
                    "startjuz": "23",
                    "endjuz": "23",
                    "startpage": "446",
                    "endpage": "452"
                },
                {
                    "index": "38",
                    "ayas": "88",
                    "start": "3970",
                    "end": null,
                    "name": "ص",
                    "tname": "Sad",
                    "ename": "The Letter 'Saad'",
                    "type": "meccan",
                    "order": "38",
                    "orderalphabet": null,
                    "orderquran": null,
                    "word": "739",
                    "theletter": "3029",
                    "startjuz": "23",
                    "endjuz": "23",
                    "startpage": "453",
                    "endpage": "458"
                },
                {
                    "index": "39",
                    "ayas": "75",
                    "start": "4058",
                    "end": null,
                    "name": "الزمر",
                    "tname": "Az-Zumar",
                    "ename": "The Troops",
                    "type": "meccan",
                    "order": "59",
                    "orderalphabet": null,
                    "orderquran": null,
                    "word": "1181",
                    "theletter": "4708",
                    "startjuz": "23",
                    "endjuz": "24",
                    "startpage": "458",
                    "endpage": "467"
                }
            ]
        },
        {
            "index": 24,
            "startpage": 462,
            "sura": [
                {
                    "index": "40",
                    "ayas": "85",
                    "start": "4133",
                    "end": null,
                    "name": "غافر",
                    "tname": "Ghafir",
                    "ename": "The Forgiver",
                    "type": "meccan",
                    "order": "60",
                    "orderalphabet": null,
                    "orderquran": null,
                    "word": "1230",
                    "theletter": "4960",
                    "startjuz": "24",
                    "endjuz": "24",
                    "startpage": "467",
                    "endpage": "476"
                },
                {
                    "index": "41",
                    "ayas": "54",
                    "start": "4218",
                    "end": null,
                    "name": "فصلت",
                    "tname": "Fussilat",
                    "ename": "Explained in Detail",
                    "type": "meccan",
                    "order": "61",
                    "orderalphabet": null,
                    "orderquran": null,
                    "word": "798",
                    "theletter": "3350",
                    "startjuz": "24",
                    "endjuz": "25",
                    "startpage": "477",
                    "endpage": "482"
                }
            ]
        },
        {
            "index": 25,
            "startpage": 482,
            "sura": [
                {
                    "index": "42",
                    "ayas": "53",
                    "start": "4272",
                    "end": null,
                    "name": "الشورى",
                    "tname": "Ash-Shuraa",
                    "ename": "The Consultation",
                    "type": "meccan",
                    "order": "62",
                    "orderalphabet": null,
                    "orderquran": null,
                    "word": "864",
                    "theletter": "3588",
                    "startjuz": "25",
                    "endjuz": "25",
                    "startpage": "483",
                    "endpage": "489"
                },
                {
                    "index": "43",
                    "ayas": "89",
                    "start": "4325",
                    "end": null,
                    "name": "الزخرف",
                    "tname": "Az-Zukhruf",
                    "ename": "The Ornaments of Gold",
                    "type": "meccan",
                    "order": "63",
                    "orderalphabet": null,
                    "orderquran": null,
                    "word": "840",
                    "theletter": "3400",
                    "startjuz": "25",
                    "endjuz": "25",
                    "startpage": "489",
                    "endpage": "495"
                },
                {
                    "index": "44",
                    "ayas": "59",
                    "start": "4414",
                    "end": null,
                    "name": "الدخان",
                    "tname": "Ad-Dukhan",
                    "ename": "The Smoke",
                    "type": "meccan",
                    "order": "64",
                    "orderalphabet": null,
                    "orderquran": null,
                    "word": "350",
                    "theletter": "1431",
                    "startjuz": "25",
                    "endjuz": "25",
                    "startpage": "496",
                    "endpage": "498"
                },
                {
                    "index": "45",
                    "ayas": "37",
                    "start": "4473",
                    "end": null,
                    "name": "الجاثية",
                    "tname": "Al-Jathiyah",
                    "ename": "The Crouching",
                    "type": "meccan",
                    "order": "65",
                    "orderalphabet": null,
                    "orderquran": null,
                    "word": "492",
                    "theletter": "2191",
                    "startjuz": "25",
                    "endjuz": "25",
                    "startpage": "499",
                    "endpage": "502"
                }
            ]
        },
        {
            "index": 26,
            "startpage": 502,
            "sura": [
                {
                    "index": "46",
                    "ayas": "35",
                    "start": "4510",
                    "end": null,
                    "name": "الأحقاف",
                    "tname": "Al-Ahqaf",
                    "ename": "The Wind-Curved Sandhills",
                    "type": "meccan",
                    "order": "66",
                    "orderalphabet": null,
                    "orderquran": null,
                    "word": "649",
                    "theletter": "2598",
                    "startjuz": "26",
                    "endjuz": "26",
                    "startpage": "502",
                    "endpage": "506"
                },
                {
                    "index": "47",
                    "ayas": "38",
                    "start": "4545",
                    "end": null,
                    "name": "محمد",
                    "tname": "Muhammad",
                    "ename": "Muhammad",
                    "type": "medinan",
                    "order": "95",
                    "orderalphabet": null,
                    "orderquran": null,
                    "word": "546",
                    "theletter": "2349",
                    "startjuz": "26",
                    "endjuz": "26",
                    "startpage": "507",
                    "endpage": "510"
                },
                {
                    "index": "48",
                    "ayas": "29",
                    "start": "4583",
                    "end": null,
                    "name": "الفتح",
                    "tname": "Al-Fath",
                    "ename": "The Victory",
                    "type": "medinan",
                    "order": "111",
                    "orderalphabet": null,
                    "orderquran": null,
                    "word": "564",
                    "theletter": "2438",
                    "startjuz": "26",
                    "endjuz": "26",
                    "startpage": "511",
                    "endpage": "515"
                },
                {
                    "index": "49",
                    "ayas": "18",
                    "start": "4612",
                    "end": null,
                    "name": "الحجرات",
                    "tname": "Al-Hujurat",
                    "ename": "The Rooms",
                    "type": "medinan",
                    "order": "106",
                    "orderalphabet": null,
                    "orderquran": null,
                    "word": "357",
                    "theletter": "1496",
                    "startjuz": "26",
                    "endjuz": "26",
                    "startpage": "515",
                    "endpage": "517"
                },
                {
                    "index": "50",
                    "ayas": "45",
                    "start": "4630",
                    "end": null,
                    "name": "ق",
                    "tname": "Qaf",
                    "ename": "The Letter 'Qaf'",
                    "type": "meccan",
                    "order": "34",
                    "orderalphabet": null,
                    "orderquran": null,
                    "word": "377",
                    "theletter": "1494",
                    "startjuz": "26",
                    "endjuz": "26",
                    "startpage": "518",
                    "endpage": "520"
                },
                {
                    "index": "51",
                    "ayas": "60",
                    "start": "4675",
                    "end": null,
                    "name": "الذاريات",
                    "tname": "Adh-Dhariyat",
                    "ename": "The Winnowing Winds",
                    "type": "meccan",
                    "order": "67",
                    "orderalphabet": null,
                    "orderquran": null,
                    "word": "364",
                    "theletter": "1287",
                    "startjuz": "26",
                    "endjuz": "27",
                    "startpage": "520",
                    "endpage": "523"
                }
            ]
        },
        {
            "index": 27,
            "startpage": 522,
            "sura": [
                {
                    "index": "52",
                    "ayas": "49",
                    "start": "4735",
                    "end": null,
                    "name": "الطور",
                    "tname": "At-Tur",
                    "ename": "The Mount",
                    "type": "meccan",
                    "order": "76",
                    "orderalphabet": null,
                    "orderquran": null,
                    "word": "316",
                    "theletter": "1500",
                    "startjuz": "27",
                    "endjuz": "27",
                    "startpage": "523",
                    "endpage": "525"
                },
                {
                    "index": "53",
                    "ayas": "62",
                    "start": "4784",
                    "end": null,
                    "name": "النجم",
                    "tname": "An-Najm",
                    "ename": "The Star",
                    "type": "meccan",
                    "order": "23",
                    "orderalphabet": null,
                    "orderquran": null,
                    "word": "364",
                    "theletter": "1405",
                    "startjuz": "27",
                    "endjuz": "27",
                    "startpage": "526",
                    "endpage": "528"
                },
                {
                    "index": "54",
                    "ayas": "55",
                    "start": "4846",
                    "end": null,
                    "name": "القمر",
                    "tname": "Al-Qamar",
                    "ename": "The Moon",
                    "type": "meccan",
                    "order": "37",
                    "orderalphabet": null,
                    "orderquran": null,
                    "word": "346",
                    "theletter": "1420",
                    "startjuz": "27",
                    "endjuz": "27",
                    "startpage": "528",
                    "endpage": "531"
                },
                {
                    "index": "55",
                    "ayas": "78",
                    "start": "4901",
                    "end": null,
                    "name": "الرحمن",
                    "tname": "Ar-Rahman",
                    "ename": "The Beneficent",
                    "type": "medinan",
                    "order": "97",
                    "orderalphabet": null,
                    "orderquran": null,
                    "word": "356",
                    "theletter": "1636",
                    "startjuz": "27",
                    "endjuz": "27",
                    "startpage": "531",
                    "endpage": "534"
                },
                {
                    "index": "56",
                    "ayas": "96",
                    "start": "4979",
                    "end": null,
                    "name": "الواقعة",
                    "tname": "Al-Waqi'ah",
                    "ename": "The Inevitable",
                    "type": "meccan",
                    "order": "46",
                    "orderalphabet": null,
                    "orderquran": null,
                    "word": "383",
                    "theletter": "1703",
                    "startjuz": "27",
                    "endjuz": "27",
                    "startpage": "534",
                    "endpage": "537"
                },
                {
                    "index": "57",
                    "ayas": "29",
                    "start": "5075",
                    "end": null,
                    "name": "الحديد",
                    "tname": "Al-Hadid",
                    "ename": "The Iron",
                    "type": "medinan",
                    "order": "94",
                    "orderalphabet": null,
                    "orderquran": null,
                    "word": "579",
                    "theletter": "2476",
                    "startjuz": "27",
                    "endjuz": "27",
                    "startpage": "537",
                    "endpage": "541"
                }
            ]
        },
        {
            "index": 28,
            "startpage": 542,
            "sura": [
                {
                    "index": "58",
                    "ayas": "22",
                    "start": "5104",
                    "end": null,
                    "name": "المجادلة",
                    "tname": "Al-Mujadila",
                    "ename": "The Pleading Woman",
                    "type": "medinan",
                    "order": "105",
                    "orderalphabet": null,
                    "orderquran": null,
                    "word": "479",
                    "theletter": "1792",
                    "startjuz": "28",
                    "endjuz": "28",
                    "startpage": "542",
                    "endpage": "545"
                },
                {
                    "index": "59",
                    "ayas": "24",
                    "start": "5126",
                    "end": null,
                    "name": "الحشر",
                    "tname": "Al-Hashr",
                    "ename": "The Exile",
                    "type": "medinan",
                    "order": "101",
                    "orderalphabet": null,
                    "orderquran": null,
                    "word": "451",
                    "theletter": "1913",
                    "startjuz": "28",
                    "endjuz": "28",
                    "startpage": "545",
                    "endpage": "548"
                },
                {
                    "index": "60",
                    "ayas": "13",
                    "start": "5150",
                    "end": null,
                    "name": "الممتحنة",
                    "tname": "Al-Mumtahanah",
                    "ename": "She that is to be examined",
                    "type": "medinan",
                    "order": "91",
                    "orderalphabet": null,
                    "orderquran": null,
                    "word": "356",
                    "theletter": "1510",
                    "startjuz": "28",
                    "endjuz": "28",
                    "startpage": "549",
                    "endpage": "551"
                },
                {
                    "index": "61",
                    "ayas": "14",
                    "start": "5163",
                    "end": null,
                    "name": "الصف",
                    "tname": "As-Saf",
                    "ename": "The Ranks",
                    "type": "medinan",
                    "order": "109",
                    "orderalphabet": null,
                    "orderquran": null,
                    "word": "230",
                    "theletter": "900",
                    "startjuz": "28",
                    "endjuz": "28",
                    "startpage": "551",
                    "endpage": "552"
                },
                {
                    "index": "62",
                    "ayas": "11",
                    "start": "5177",
                    "end": null,
                    "name": "الجمعة",
                    "tname": "Al-Jumu'ah",
                    "ename": "The Congregation, Friday",
                    "type": "medinan",
                    "order": "110",
                    "orderalphabet": null,
                    "orderquran": null,
                    "word": "181",
                    "theletter": "720",
                    "startjuz": "28",
                    "endjuz": "28",
                    "startpage": "553",
                    "endpage": "554"
                },
                {
                    "index": "63",
                    "ayas": "11",
                    "start": "5188",
                    "end": null,
                    "name": "المنافقون",
                    "tname": "Al-Munafiqun",
                    "ename": "The Hypocrites",
                    "type": "medinan",
                    "order": "104",
                    "orderalphabet": null,
                    "orderquran": null,
                    "word": "185",
                    "theletter": "776",
                    "startjuz": "28",
                    "endjuz": "28",
                    "startpage": "554",
                    "endpage": "555"
                },
                {
                    "index": "64",
                    "ayas": "18",
                    "start": "5199",
                    "end": null,
                    "name": "التغابن",
                    "tname": "At-Taghabun",
                    "ename": "The Mutual Disillusion",
                    "type": "medinan",
                    "order": "108",
                    "orderalphabet": null,
                    "orderquran": null,
                    "word": "246",
                    "theletter": "1070",
                    "startjuz": "28",
                    "endjuz": "28",
                    "startpage": "556",
                    "endpage": "557"
                },
                {
                    "index": "65",
                    "ayas": "12",
                    "start": "5217",
                    "end": null,
                    "name": "الطلاق",
                    "tname": "At-Talaq",
                    "ename": "The Divorce",
                    "type": "medinan",
                    "order": "99",
                    "orderalphabet": null,
                    "orderquran": null,
                    "word": "293",
                    "theletter": "1060",
                    "startjuz": "28",
                    "endjuz": "28",
                    "startpage": "558",
                    "endpage": "559"
                },
                {
                    "index": "66",
                    "ayas": "12",
                    "start": "5229",
                    "end": null,
                    "name": "التحريم",
                    "tname": "At-Tahrim",
                    "ename": "The Prohibtiion",
                    "type": "medinan",
                    "order": "107",
                    "orderalphabet": null,
                    "orderquran": null,
                    "word": "258",
                    "theletter": "1160",
                    "startjuz": "28",
                    "endjuz": "28",
                    "startpage": "560",
                    "endpage": "561"
                }
            ]
        },
        {
            "index": 29,
            "startpage": 562,
            "sura": [
                {
                    "index": "67",
                    "ayas": "30",
                    "start": "5241",
                    "end": null,
                    "name": "الملك",
                    "tname": "Al-Mulk",
                    "ename": "The Sovereignty",
                    "type": "meccan",
                    "order": "77",
                    "orderalphabet": null,
                    "orderquran": null,
                    "word": "337",
                    "theletter": "1300",
                    "startjuz": "29",
                    "endjuz": "29",
                    "startpage": "562",
                    "endpage": "564"
                },
                {
                    "index": "68",
                    "ayas": "52",
                    "start": "5271",
                    "end": null,
                    "name": "القلم",
                    "tname": "Al-Qalam",
                    "ename": "The Pen",
                    "type": "meccan",
                    "order": "2",
                    "orderalphabet": null,
                    "orderquran": null,
                    "word": "305",
                    "theletter": "1256",
                    "startjuz": "29",
                    "endjuz": "29",
                    "startpage": "564",
                    "endpage": "566"
                },
                {
                    "index": "69",
                    "ayas": "52",
                    "start": "5323",
                    "end": null,
                    "name": "الحاقة",
                    "tname": "Al-Haqqah",
                    "ename": "The Reality",
                    "type": "meccan",
                    "order": "78",
                    "orderalphabet": null,
                    "orderquran": null,
                    "word": "264",
                    "theletter": "1084",
                    "startjuz": "29",
                    "endjuz": "29",
                    "startpage": "566",
                    "endpage": "568"
                },
                {
                    "index": "70",
                    "ayas": "44",
                    "start": "5375",
                    "end": null,
                    "name": "المعارج",
                    "tname": "Al-Ma'arij",
                    "ename": "The Ascending Stairways",
                    "type": "meccan",
                    "order": "79",
                    "orderalphabet": null,
                    "orderquran": null,
                    "word": "221",
                    "theletter": "1061",
                    "startjuz": "29",
                    "endjuz": "29",
                    "startpage": "568",
                    "endpage": "570"
                },
                {
                    "index": "71",
                    "ayas": "28",
                    "start": "5419",
                    "end": null,
                    "name": "نوح",
                    "tname": "Nuh",
                    "ename": "Noah",
                    "type": "meccan",
                    "order": "71",
                    "orderalphabet": null,
                    "orderquran": null,
                    "word": "231",
                    "theletter": "929",
                    "startjuz": "29",
                    "endjuz": "29",
                    "startpage": "570",
                    "endpage": "571"
                },
                {
                    "index": "72",
                    "ayas": "28",
                    "start": "5447",
                    "end": null,
                    "name": "الجن",
                    "tname": "Al-Jinn",
                    "ename": "The Jinn",
                    "type": "meccan",
                    "order": "40",
                    "orderalphabet": null,
                    "orderquran": null,
                    "word": "290",
                    "theletter": "870",
                    "startjuz": "29",
                    "endjuz": "29",
                    "startpage": "572",
                    "endpage": "573"
                },
                {
                    "index": "73",
                    "ayas": "20",
                    "start": "5475",
                    "end": null,
                    "name": "المزمل",
                    "tname": "Al-Muzzammil",
                    "ename": "The Enshrouded One",
                    "type": "meccan",
                    "order": "3",
                    "orderalphabet": null,
                    "orderquran": null,
                    "word": "204",
                    "theletter": "838",
                    "startjuz": "29",
                    "endjuz": "29",
                    "startpage": "574",
                    "endpage": "575"
                },
                {
                    "index": "74",
                    "ayas": "56",
                    "start": "5495",
                    "end": null,
                    "name": "المدثر",
                    "tname": "Al-Muddaththir",
                    "ename": "The Cloaked One",
                    "type": "meccan",
                    "order": "4",
                    "orderalphabet": null,
                    "orderquran": null,
                    "word": "260",
                    "theletter": "1010",
                    "startjuz": "29",
                    "endjuz": "29",
                    "startpage": "575",
                    "endpage": "577"
                },
                {
                    "index": "75",
                    "ayas": "40",
                    "start": "5551",
                    "end": null,
                    "name": "القيامة",
                    "tname": "Al-Qiyamah",
                    "ename": "The Resurrection",
                    "type": "meccan",
                    "order": "31",
                    "orderalphabet": null,
                    "orderquran": null,
                    "word": "168",
                    "theletter": "652",
                    "startjuz": "29",
                    "endjuz": "29",
                    "startpage": "577",
                    "endpage": "578"
                },
                {
                    "index": "76",
                    "ayas": "31",
                    "start": "5591",
                    "end": null,
                    "name": "الانسان",
                    "tname": "Al-Insan",
                    "ename": "The Man",
                    "type": "medinan",
                    "order": "98",
                    "orderalphabet": null,
                    "orderquran": null,
                    "word": "247",
                    "theletter": "1054",
                    "startjuz": "29",
                    "endjuz": "29",
                    "startpage": "578",
                    "endpage": "580"
                },
                {
                    "index": "77",
                    "ayas": "50",
                    "start": "5622",
                    "end": null,
                    "name": "المرسلات",
                    "tname": "Al-Mursalat",
                    "ename": "The Emissaries",
                    "type": "meccan",
                    "order": "33",
                    "orderalphabet": null,
                    "orderquran": null,
                    "word": "185",
                    "theletter": "816",
                    "startjuz": "29",
                    "endjuz": "29",
                    "startpage": "580",
                    "endpage": "581"
                }
            ]
        },
        {
            "index": 30,
            "startpage": 582,
            "sura": [
                {
                    "index": "78",
                    "ayas": "40",
                    "start": "5672",
                    "end": null,
                    "name": "النبإ",
                    "tname": "An-Naba",
                    "ename": "The Tidings",
                    "type": "meccan",
                    "order": "80",
                    "orderalphabet": null,
                    "orderquran": null,
                    "word": "178",
                    "theletter": "770",
                    "startjuz": "30",
                    "endjuz": "30",
                    "startpage": "582",
                    "endpage": "583"
                },
                {
                    "index": "79",
                    "ayas": "46",
                    "start": "5712",
                    "end": null,
                    "name": "النازعات",
                    "tname": "An-Nazi'at",
                    "ename": "Those who drag forth",
                    "type": "meccan",
                    "order": "81",
                    "orderalphabet": null,
                    "orderquran": null,
                    "word": "183",
                    "theletter": "753",
                    "startjuz": "30",
                    "endjuz": "30",
                    "startpage": "583",
                    "endpage": "584"
                },
                {
                    "index": "80",
                    "ayas": "42",
                    "start": "5758",
                    "end": null,
                    "name": "عبس",
                    "tname": "'Abasa",
                    "ename": "He Frowned",
                    "type": "meccan",
                    "order": "24",
                    "orderalphabet": null,
                    "orderquran": null,
                    "word": "137",
                    "theletter": "533",
                    "startjuz": "30",
                    "endjuz": "30",
                    "startpage": "585",
                    "endpage": "585"
                },
                {
                    "index": "81",
                    "ayas": "29",
                    "start": "5800",
                    "end": null,
                    "name": "التكوير",
                    "tname": "At-Takwir",
                    "ename": "The Overthrowing",
                    "type": "meccan",
                    "order": "7",
                    "orderalphabet": null,
                    "orderquran": null,
                    "word": "108",
                    "theletter": "533",
                    "startjuz": "30",
                    "endjuz": "30",
                    "startpage": "586",
                    "endpage": "586"
                },
                {
                    "index": "82",
                    "ayas": "19",
                    "start": "5829",
                    "end": null,
                    "name": "الإنفطار",
                    "tname": "Al-Infitar",
                    "ename": "The Cleaving",
                    "type": "meccan",
                    "order": "82",
                    "orderalphabet": null,
                    "orderquran": null,
                    "word": "85",
                    "theletter": "327",
                    "startjuz": "30",
                    "endjuz": "30",
                    "startpage": "587",
                    "endpage": "587"
                },
                {
                    "index": "83",
                    "ayas": "36",
                    "start": "5848",
                    "end": null,
                    "name": "المطففين",
                    "tname": "Al-Mutaffifin",
                    "ename": "The Defrauding",
                    "type": "meccan",
                    "order": "86",
                    "orderalphabet": null,
                    "orderquran": null,
                    "word": "173",
                    "theletter": "830",
                    "startjuz": "30",
                    "endjuz": "30",
                    "startpage": "587",
                    "endpage": "589"
                },
                {
                    "index": "84",
                    "ayas": "25",
                    "start": "5884",
                    "end": null,
                    "name": "الإنشقاق",
                    "tname": "Al-Inshiqaq",
                    "ename": "The Sundering",
                    "type": "meccan",
                    "order": "83",
                    "orderalphabet": null,
                    "orderquran": null,
                    "word": "112",
                    "theletter": "430",
                    "startjuz": "30",
                    "endjuz": "30",
                    "startpage": "589",
                    "endpage": "589"
                },
                {
                    "index": "85",
                    "ayas": "22",
                    "start": "5909",
                    "end": null,
                    "name": "البروج",
                    "tname": "Al-Buruj",
                    "ename": "The Mansions of the Stars",
                    "type": "meccan",
                    "order": "27",
                    "orderalphabet": null,
                    "orderquran": null,
                    "word": "113",
                    "theletter": "458",
                    "startjuz": "30",
                    "endjuz": "30",
                    "startpage": "590",
                    "endpage": "590"
                },
                {
                    "index": "86",
                    "ayas": "17",
                    "start": "5931",
                    "end": null,
                    "name": "الطارق",
                    "tname": "At-Tariq",
                    "ename": "The Nightcommer",
                    "type": "meccan",
                    "order": "36",
                    "orderalphabet": null,
                    "orderquran": null,
                    "word": "65",
                    "theletter": "245",
                    "startjuz": "30",
                    "endjuz": "30",
                    "startpage": "591",
                    "endpage": "591"
                },
                {
                    "index": "87",
                    "ayas": "19",
                    "start": "5948",
                    "end": null,
                    "name": "الأعلى",
                    "tname": "Al-A'la",
                    "ename": "The Most High",
                    "type": "meccan",
                    "order": "8",
                    "orderalphabet": null,
                    "orderquran": null,
                    "word": "76",
                    "theletter": "270",
                    "startjuz": "30",
                    "endjuz": "30",
                    "startpage": "591",
                    "endpage": "592"
                },
                {
                    "index": "88",
                    "ayas": "26",
                    "start": "5967",
                    "end": null,
                    "name": "الغاشية",
                    "tname": "Al-Ghashiyah",
                    "ename": "The Overwhelming",
                    "type": "meccan",
                    "order": "68",
                    "orderalphabet": null,
                    "orderquran": null,
                    "word": "96",
                    "theletter": "330",
                    "startjuz": "30",
                    "endjuz": "30",
                    "startpage": "592",
                    "endpage": "592"
                },
                {
                    "index": "89",
                    "ayas": "30",
                    "start": "5993",
                    "end": null,
                    "name": "الفجر",
                    "tname": "Al-Fajr",
                    "ename": "The Dawn",
                    "type": "meccan",
                    "order": "10",
                    "orderalphabet": null,
                    "orderquran": null,
                    "word": "143",
                    "theletter": "577",
                    "startjuz": "30",
                    "endjuz": "30",
                    "startpage": "593",
                    "endpage": "594"
                },
                {
                    "index": "90",
                    "ayas": "20",
                    "start": "6023",
                    "end": null,
                    "name": "البلد",
                    "tname": "Al-Balad",
                    "ename": "The City",
                    "type": "meccan",
                    "order": "35",
                    "orderalphabet": null,
                    "orderquran": null,
                    "word": "86",
                    "theletter": "330",
                    "startjuz": "30",
                    "endjuz": "30",
                    "startpage": "594",
                    "endpage": "594"
                },
                {
                    "index": "91",
                    "ayas": "15",
                    "start": "6043",
                    "end": null,
                    "name": "الشمس",
                    "tname": "Ash-Shams",
                    "ename": "The Sun",
                    "type": "meccan",
                    "order": "26",
                    "orderalphabet": null,
                    "orderquran": null,
                    "word": "58",
                    "theletter": "247",
                    "startjuz": "30",
                    "endjuz": "30",
                    "startpage": "595",
                    "endpage": "595"
                },
                {
                    "index": "92",
                    "ayas": "21",
                    "start": "6058",
                    "end": null,
                    "name": "الليل",
                    "tname": "Al-Layl",
                    "ename": "The Night",
                    "type": "meccan",
                    "order": "9",
                    "orderalphabet": null,
                    "orderquran": null,
                    "word": "75",
                    "theletter": "302",
                    "startjuz": "30",
                    "endjuz": "30",
                    "startpage": "595",
                    "endpage": "596"
                },
                {
                    "index": "93",
                    "ayas": "11",
                    "start": "6079",
                    "end": null,
                    "name": "الضحى",
                    "tname": "Ad-Duhaa",
                    "ename": "The Morning Hours",
                    "type": "meccan",
                    "order": "11",
                    "orderalphabet": null,
                    "orderquran": null,
                    "word": "44",
                    "theletter": "192",
                    "startjuz": "30",
                    "endjuz": "30",
                    "startpage": "596",
                    "endpage": "596"
                },
                {
                    "index": "94",
                    "ayas": "8",
                    "start": "6090",
                    "end": null,
                    "name": "الشرح",
                    "tname": "Ash-Sharh",
                    "ename": "The Relief",
                    "type": "meccan",
                    "order": "12",
                    "orderalphabet": null,
                    "orderquran": null,
                    "word": "31",
                    "theletter": "103",
                    "startjuz": "30",
                    "endjuz": "30",
                    "startpage": "596",
                    "endpage": "596"
                },
                {
                    "index": "95",
                    "ayas": "8",
                    "start": "6098",
                    "end": null,
                    "name": "التين",
                    "tname": "At-Tin",
                    "ename": "The Fig",
                    "type": "meccan",
                    "order": "28",
                    "orderalphabet": null,
                    "orderquran": null,
                    "word": "38",
                    "theletter": "150",
                    "startjuz": "30",
                    "endjuz": "30",
                    "startpage": "597",
                    "endpage": "597"
                },
                {
                    "index": "96",
                    "ayas": "19",
                    "start": "6106",
                    "end": null,
                    "name": "العلق",
                    "tname": "Al-'Alaq",
                    "ename": "The Clot",
                    "type": "meccan",
                    "order": "1",
                    "orderalphabet": null,
                    "orderquran": null,
                    "word": "76",
                    "theletter": "280",
                    "startjuz": "30",
                    "endjuz": "30",
                    "startpage": "597",
                    "endpage": "597"
                },
                {
                    "index": "97",
                    "ayas": "5",
                    "start": "6125",
                    "end": null,
                    "name": "القدر",
                    "tname": "Al-Qadr",
                    "ename": "The Power",
                    "type": "meccan",
                    "order": "25",
                    "orderalphabet": null,
                    "orderquran": null,
                    "word": "34",
                    "theletter": "112",
                    "startjuz": "30",
                    "endjuz": "30",
                    "startpage": "598",
                    "endpage": "598"
                },
                {
                    "index": "98",
                    "ayas": "8",
                    "start": "6130",
                    "end": null,
                    "name": "البينة",
                    "tname": "Al-Bayyinah",
                    "ename": "The Clear Proof",
                    "type": "medinan",
                    "order": "100",
                    "orderalphabet": null,
                    "orderquran": null,
                    "word": "98",
                    "theletter": "392",
                    "startjuz": "30",
                    "endjuz": "30",
                    "startpage": "598",
                    "endpage": "599"
                },
                {
                    "index": "99",
                    "ayas": "8",
                    "start": "6138",
                    "end": null,
                    "name": "الزلزلة",
                    "tname": "Az-Zalzalah",
                    "ename": "The Earthquake",
                    "type": "medinan",
                    "order": "93",
                    "orderalphabet": null,
                    "orderquran": null,
                    "word": "40",
                    "theletter": "149",
                    "startjuz": "30",
                    "endjuz": "30",
                    "startpage": "599",
                    "endpage": "599"
                },
                {
                    "index": "100",
                    "ayas": "11",
                    "start": "6146",
                    "end": null,
                    "name": "العاديات",
                    "tname": "Al-'Adiyat",
                    "ename": "The Courser",
                    "type": "meccan",
                    "order": "14",
                    "orderalphabet": null,
                    "orderquran": null,
                    "word": "44",
                    "theletter": "163",
                    "startjuz": "30",
                    "endjuz": "30",
                    "startpage": "599",
                    "endpage": "600"
                },
                {
                    "index": "101",
                    "ayas": "11",
                    "start": "6157",
                    "end": null,
                    "name": "القارعة",
                    "tname": "Al-Qari'ah",
                    "ename": "The Calamity",
                    "type": "meccan",
                    "order": "30",
                    "orderalphabet": null,
                    "orderquran": null,
                    "word": "40",
                    "theletter": "150",
                    "startjuz": "30",
                    "endjuz": "30",
                    "startpage": "600",
                    "endpage": "600"
                },
                {
                    "index": "102",
                    "ayas": "8",
                    "start": "6168",
                    "end": null,
                    "name": "التكاثر",
                    "tname": "At-Takathur",
                    "ename": "The Rivalry in world increase",
                    "type": "meccan",
                    "order": "16",
                    "orderalphabet": null,
                    "orderquran": null,
                    "word": "32",
                    "theletter": "120",
                    "startjuz": "30",
                    "endjuz": "30",
                    "startpage": "600",
                    "endpage": "600"
                },
                {
                    "index": "103",
                    "ayas": "3",
                    "start": "6176",
                    "end": null,
                    "name": "العصر",
                    "tname": "Al-'Asr",
                    "ename": "The Declining Day",
                    "type": "meccan",
                    "order": "13",
                    "orderalphabet": null,
                    "orderquran": null,
                    "word": "18",
                    "theletter": "68",
                    "startjuz": "30",
                    "endjuz": "30",
                    "startpage": "601",
                    "endpage": "601"
                },
                {
                    "index": "104",
                    "ayas": "9",
                    "start": "6179",
                    "end": null,
                    "name": "الهمزة",
                    "tname": "Al-Humazah",
                    "ename": "The Traducer",
                    "type": "meccan",
                    "order": "32",
                    "orderalphabet": null,
                    "orderquran": null,
                    "word": "37",
                    "theletter": "130",
                    "startjuz": "30",
                    "endjuz": "30",
                    "startpage": "601",
                    "endpage": "601"
                },
                {
                    "index": "105",
                    "ayas": "5",
                    "start": "6188",
                    "end": null,
                    "name": "الفيل",
                    "tname": "Al-Fil",
                    "ename": "The Elephant",
                    "type": "meccan",
                    "order": "19",
                    "orderalphabet": null,
                    "orderquran": null,
                    "word": "27",
                    "theletter": "96",
                    "startjuz": "30",
                    "endjuz": "30",
                    "startpage": "601",
                    "endpage": "601"
                },
                {
                    "index": "106",
                    "ayas": "4",
                    "start": "6193",
                    "end": null,
                    "name": "قريش",
                    "tname": "Quraysh",
                    "ename": "Quraysh",
                    "type": "meccan",
                    "order": "29",
                    "orderalphabet": null,
                    "orderquran": null,
                    "word": "21",
                    "theletter": "93",
                    "startjuz": "30",
                    "endjuz": "30",
                    "startpage": "602",
                    "endpage": "602"
                },
                {
                    "index": "107",
                    "ayas": "7",
                    "start": "6197",
                    "end": null,
                    "name": "الماعون",
                    "tname": "Al-Ma'un",
                    "ename": "The Small Kindesses",
                    "type": "meccan",
                    "order": "17",
                    "orderalphabet": null,
                    "orderquran": null,
                    "word": "29",
                    "theletter": "125",
                    "startjuz": "30",
                    "endjuz": "30",
                    "startpage": "602",
                    "endpage": "602"
                },
                {
                    "index": "108",
                    "ayas": "3",
                    "start": "6204",
                    "end": null,
                    "name": "الكوثر",
                    "tname": "Al-Kawthar",
                    "ename": "The Abundance",
                    "type": "meccan",
                    "order": "15",
                    "orderalphabet": null,
                    "orderquran": null,
                    "word": "14",
                    "theletter": "42",
                    "startjuz": "30",
                    "endjuz": "30",
                    "startpage": "602",
                    "endpage": "602"
                },
                {
                    "index": "109",
                    "ayas": "6",
                    "start": "6207",
                    "end": null,
                    "name": "الكافرون",
                    "tname": "Al-Kafirun",
                    "ename": "The Disbelievers",
                    "type": "meccan",
                    "order": "18",
                    "orderalphabet": null,
                    "orderquran": null,
                    "word": "31",
                    "theletter": "94",
                    "startjuz": "30",
                    "endjuz": "30",
                    "startpage": "603",
                    "endpage": "603"
                },
                {
                    "index": "110",
                    "ayas": "3",
                    "start": "6213",
                    "end": null,
                    "name": "النصر",
                    "tname": "An-Nasr",
                    "ename": "The Divine Support",
                    "type": "medinan",
                    "order": "114",
                    "orderalphabet": null,
                    "orderquran": null,
                    "word": "23",
                    "theletter": "77",
                    "startjuz": "30",
                    "endjuz": "30",
                    "startpage": "603",
                    "endpage": "603"
                },
                {
                    "index": "111",
                    "ayas": "5",
                    "start": "6216",
                    "end": null,
                    "name": "المسد",
                    "tname": "Al-Masad",
                    "ename": "The Palm Fiber",
                    "type": "meccan",
                    "order": "6",
                    "orderalphabet": null,
                    "orderquran": null,
                    "word": "27",
                    "theletter": "77",
                    "startjuz": "30",
                    "endjuz": "30",
                    "startpage": "603",
                    "endpage": "603"
                },
                {
                    "index": "112",
                    "ayas": "4",
                    "start": "6221",
                    "end": null,
                    "name": "الإخلاص",
                    "tname": "Al-Ikhlas",
                    "ename": "The Sincerity",
                    "type": "meccan",
                    "order": "22",
                    "orderalphabet": null,
                    "orderquran": null,
                    "word": "19",
                    "theletter": "47",
                    "startjuz": "30",
                    "endjuz": "30",
                    "startpage": "604",
                    "endpage": "604"
                },
                {
                    "index": "113",
                    "ayas": "5",
                    "start": "6225",
                    "end": null,
                    "name": "الفلق",
                    "tname": "Al-Falaq",
                    "ename": "The Daybreak",
                    "type": "meccan",
                    "order": "20",
                    "orderalphabet": null,
                    "orderquran": null,
                    "word": "27",
                    "theletter": "74",
                    "startjuz": "30",
                    "endjuz": "30",
                    "startpage": "604",
                    "endpage": "604"
                },
                {
                    "index": "114",
                    "ayas": "6",
                    "start": "6230",
                    "end": null,
                    "name": "الناس",
                    "tname": "An-Nas",
                    "ename": "The Mankind",
                    "type": "meccan",
                    "order": "21",
                    "orderalphabet": null,
                    "orderquran": null,
                    "word": "24",
                    "theletter": "79",
                    "startjuz": "30",
                    "endjuz": "30",
                    "startpage": "604",
                    "endpage": "604"
                }
            ]
        }
    ]
}